Start Date,End Date,Business Purpose,Start Location,End Location,Miles,Deductible Amount
2025-07-31 21:13:27,2025-08-01 02:00:00,work - Uber,"Commercial Vehicle Holding Area, Titus Court, Denver, CO, United States of America","Piney Creek Trail, Centennial",184.84,129.39
2025-07-31 15:40:01,2025-07-31 19:39:02,work - Uber,"South Parker Road, Centennial","Commercial Vehicle Holding Area, Titus Court, Denver, CO, United States of America",83.69,58.59
2025-07-30 23:06:47,2025-07-31 00:39:07,work - Uber,"Commercial Vehicle Holding Area, Titus Court, Denver, CO, United States of America","Piney Creek Trail, Centennial",44.3,31.01
2025-07-30 14:44:24,2025-07-30 17:49:56,work - Uber,"Piney Creek Trail, Centennial","Commercial Vehicle Holding Area, Titus Court, Denver, CO, United States of America",78.55,54.99
2025-07-27 23:52:42,2025-07-28 01:49:56,work - Uber,"Commerce Road, Weld County","Piney Creek Trail, Centennial",78.67,55.07
2025-07-27 20:50:03,2025-07-27 23:20:00,work - Uber,"Commercial Vehicle Holding Area, Titus Court, Denver, CO, United States of America","521 Nugget Road, Weld County",102.27,71.59
2025-07-27 14:00:43,2025-07-27 17:49:21,work - Uber,"Piney Creek Trail, Centennial","East Colfax Avenue, Aurora",102.36,71.65
2025-07-26 20:20:37,2025-07-26 23:59:56,work - Uber,"Commercial Vehicle Holding Area, Titus Court, Denver, CO, United States of America","In-N-Out Burger, 9558 Twenty Mile Road, Parker",120.5,84.35
2025-07-25 21:35:32,2025-07-26 02:30:00,work - Uber,"Commercial Vehicle Holding Area, Titus Court, Denver, CO, United States of America","6098 South Fraser Street, Centennial",194.25,135.98
2025-07-25 15:56:05,2025-07-25 18:19:59,work - Uber,"East Quincy Avenue, Aurora","Commercial Vehicle Holding Area, Titus Court, Denver, CO, United States of America",57.55,40.28
2025-07-24 21:55:27,2025-07-25 00:29:20,work - Uber,"Commercial Vehicle Holding Area, Titus Court, Denver, CO, United States of America","Piney Creek Trail, Centennial",97.95,68.56
2025-07-24 19:20:56,2025-07-24 20:59:59,work - Uber,"9191 Huron Street, Thornton","Commercial Vehicle Holding Area, Titus Court, Denver, CO, United States of America",37.12,25.98
2025-07-24 15:59:11,2025-07-24 18:50:00,work - Uber,"Piney Creek Trail, Centennial","Thornton Parkway, Thornton",77.39,54.18
2025-07-19 14:40:02,2025-07-19 19:09:49,work - Uber,"unnamed road, Centennial","Piney Creek Trail, Centennial",91.44,64.01
2025-07-18 21:50:00,2025-07-19 03:09:51,work - Uber,"1321 15th Street, Denver","Piney Creek Trail, Centennial",153.37,107.36
2025-07-18 16:36:30,2025-07-18 21:29:58,work - Uber,"Piney Creek Trail, Centennial","20th Street Multi-Use Path, Denver",104.28,73.0
2025-07-11 19:40:41,2025-07-12 04:49:59,work - Uber,"Piney Creek Trail, Centennial","Orchard Valley Early Learning Center, 15100 East Orchard Road, Centennial",276.53,193.57
2025-07-10 21:22:36,2025-07-11 03:28:06,work - Uber,"7-Eleven, East Lincoln Avenue, Parker","Piney Creek Trail, Centennial",178.67,125.07
2025-07-10 20:00:11,2025-07-10 20:59:36,work - Uber,"Piney Creek Trail, Centennial","7-Eleven, 16981 East Lincoln Avenue, Parker",15.79,11.05
2025-08-29 21:50:02,2025-08-30 00:15:45,work - Uber,"Commercial Vehicle Holding Area, Titus Court, Denver, CO, United States of America","unnamed road, Denver",83.38,58.37
2025-08-29 19:25:33,2025-08-29 21:29:47,work - Uber,"7849 Shady Grove Street, Denver","Shady Grove Street, Denver, CO, United States of America",63.68,44.58
2025-08-29 17:00:26,2025-08-29 18:34:27,work - Uber,"West Littleton Boulevard, Littleton","Commercial Vehicle Holding Area, Titus Court, Denver, CO, United States of America",36.4,25.48
2025-08-29 14:34:14,2025-08-29 16:19:58,work - Uber,"East 115th Avenue, Northglenn","West Littleton Boulevard, Littleton",77.42,54.19
2025-08-29 00:53:29,2025-08-29 03:19:09,work - Uber,"Tiffany Plaza, 7550 East Hampden, Denver","Piney Creek Trail, Centennial",88.4,61.88
2025-08-28 20:20:03,2025-08-28 22:39:58,work - Uber,"Commercial Vehicle Holding Area, Titus Court, Denver, CO, United States of America","unnamed road, Monument, El Paso County",104.06,72.84
2025-08-28 18:12:15,2025-08-28 19:39:56,work - Uber,"Commercial Vehicle Holding Area, Titus Court, Denver, CO, United States of America","Commercial Vehicle Holding Area, Titus Court, Denver, CO, United States of America",69.47,48.63
2025-08-27 22:21:25,2025-08-27 22:54:31,work - Uber,"Promenade Parkway, Castle Rock","McDonald's, 10950 South Parker Road, Parker",19.02,13.31
2025-08-27 19:41:35,2025-08-27 21:39:33,work - Uber,"Shady Grove Street, Denver, CO, United States of America","Promenade Parkway, Castle Rock",60.52,42.37
2025-08-27 17:10:01,2025-08-27 19:19:55,work - Uber,"Commercial Vehicle Holding Area, Titus Court, Denver, CO, United States of America","Commercial Vehicle Holding Area, Titus Court, Denver, CO, United States of America",77.19,54.03
2025-08-27 14:30:01,2025-08-27 15:39:18,work - Uber,"North Akron Way, Denver","Commercial Vehicle Holding Area, Titus Court, Denver, CO, United States of America",25.96,18.17
2025-08-27 08:51:51,2025-08-27 11:49:59,work - Uber,"South Chambers Road, Aurora","North Akron Way, Denver",71.02,49.72
2025-08-25 22:18:12,2025-08-25 23:40:00,work - Uber,"Commercial Vehicle Holding Area, Titus Court, Denver, CO, United States of America","In-N-Out Burger, 9558 Twenty Mile Road, Parker",52.6,36.82
2025-08-25 17:30:46,2025-08-25 20:20:35,work - Uber,"Commercial Vehicle Holding Area, Titus Court, Denver, CO, United States of America","Commercial Vehicle Holding Area, Titus Court, Denver, CO, United States of America",151.45,106.01
2025-08-24 23:21:04,2025-08-25 00:39:48,work - Uber,"Commercial Vehicle Holding Area, Titus Court, Denver, CO, United States of America","South Fraser Street, Centennial",54.84,38.39
2025-08-24 21:08:17,2025-08-24 22:38:58,work - Uber,"7846 Shady Grove Street, Denver","Commercial Vehicle Holding Area, Titus Court, Denver, CO, United States of America",72.03,50.42
2025-08-24 17:50:02,2025-08-24 19:19:06,work - Uber,"Best Buy, 5395 South Wadsworth Boulevard, Lakewood","Commercial Vehicle Holding Area, Titus Court, Denver, CO, United States of America",39.25,27.48
2025-08-24 03:35:44,2025-08-24 04:19:59,work - Uber,"South Valley Highway, Greenwood Village","Piney Creek Trail, Centennial",16.74,11.72
2025-08-23 23:15:04,2025-08-24 02:52:37,work - Uber,"Peña Boulevard, Denver, CO, United States of America","South Valley Highway, Greenwood Village",119.37,83.56
2025-08-23 16:47:26,2025-08-23 20:49:58,work - Uber,"7845 Shady Grove Street, Denver","Commercial Vehicle Holding Area, Titus Court, Denver, CO, United States of America",149.86,104.9
2025-08-22 23:16:55,2025-08-23 00:49:16,work - Uber,"7848 Shady Grove Street, Denver","Piney Creek Trail, Centennial",54.31,38.02
2025-08-22 20:10:02,2025-08-22 21:19:59,work - Uber,"Walmart Supercenter, 9400 Ralston Road, Arvada","Titus Court, Denver, CO, United States of America",43.14,30.2
2025-08-22 18:45:23,2025-08-22 19:49:17,work - Uber,"Commercial Vehicle Holding Area, Titus Court, Denver, CO, United States of America","Walmart Supercenter, 9400 Ralston Road, Arvada",44.95,31.46
2025-08-21 23:10:01,2025-08-22 01:27:35,work - Uber,"Commercial Vehicle Holding Area, Titus Court, Denver, CO, United States of America","Piney Creek Trail, Centennial",80.68,56.48
2025-08-21 20:40:00,2025-08-21 22:39:26,work - Uber,"North Harry B Combs Parkway, Denver, CO, United States of America","Commercial Vehicle Holding Area, Titus Court, Denver, CO, United States of America",71.34,49.94
2025-08-21 15:42:10,2025-08-21 20:06:38,work - Uber,"South Fraser Street, Centennial","Commercial Vehicle Holding Area, Titus Court, Denver, CO, United States of America",126.94,88.86
2025-08-20 20:22:15,2025-08-20 23:09:44,work - Uber,"Commercial Vehicle Holding Area, Titus Court, Denver, CO, United States of America","Piney Creek Trail, Centennial",87.14,61.0
2025-08-20 17:02:00,2025-08-20 18:35:30,work - Uber,"Commercial Vehicle Holding Area, Titus Court, Denver, CO, United States of America","Wendy's, 4020 Chambers Road, Denver",38.96,27.27
2025-08-20 13:11:37,2025-08-20 16:29:58,work - Uber,"Piney Creek Trail, Centennial","Shady Grove Street, Denver, CO, United States of America",89.93,62.95
2025-08-19 23:38:30,2025-08-20 00:20:00,work - Uber,"Commercial Vehicle Holding Area, Titus Court, Denver, CO, United States of America","Commercial Vehicle Holding Area, Titus Court, Denver, CO, United States of America",27.19,19.03
2025-08-19 16:29:21,2025-08-19 22:17:49,work - Uber,"South Fraser Street, Centennial","Commercial Vehicle Holding Area, Titus Court, Denver, CO, United States of America",148.1,103.67
2025-08-16 00:46:44,2025-08-16 04:49:43,work - Uber,"Commercial Vehicle Holding Area, Titus Court, Denver, CO, United States of America","South Fraser Street, Centennial",97.89,68.52
2025-08-15 19:30:42,2025-08-15 23:00:00,work - Uber,"Piney Creek Trail, Centennial","Commercial Vehicle Holding Area, Titus Court, Denver, CO, United States of America",111.05,77.73
2025-08-12 20:10:01,2025-08-13 01:09:32,work - Uber,"Commercial Vehicle Holding Area, Titus Court, Denver, CO, United States of America","Piney Creek Trail, Centennial",138.15,96.71
2025-08-12 17:26:58,2025-08-12 19:19:59,work - Uber,"5944 South Fraser Street, Centennial","Commercial Vehicle Holding Area, Titus Court, Denver, CO, United States of America",44.44,31.11
2025-08-09 23:30:01,2025-08-10 04:39:46,work - Uber,"7844 Shady Grove Street, Denver","Rocket, 7680 Peña Boulevard, Denver",185.35,129.75
2025-08-09 20:03:26,2025-08-09 21:29:16,work - Uber,"North Harry B Combs Parkway, Denver, CO, United States of America","Commercial Vehicle Holding Area, Titus Court, Denver, CO, United States of America",48.5,33.95
2025-08-09 01:30:33,2025-08-09 03:00:00,work - Uber,"Commercial Vehicle Holding Area, Titus Court, Denver, CO, United States of America","6098 South Fraser Street, Centennial",64.77,45.34
2025-08-08 23:11:02,2025-08-09 00:49:57,work - Uber,"Taco Bell, 6350 South Parker Road, Aurora","Commercial Vehicle Holding Area, Titus Court, Denver, CO, United States of America",47.99,33.59
2025-08-08 18:50:00,2025-08-08 22:48:47,work - Uber,"6667 South Boston Street, Greenwood Village","South Parker Road, Aurora",92.07,64.45
2025-08-08 00:55:26,2025-08-08 02:19:35,work - Uber,"North Tibet Street, Denver","South Fraser Street, Centennial",46.0,32.2
2025-08-07 21:46:12,2025-08-08 00:39:59,work - Uber,"North Harry B Combs Parkway, Denver, CO, United States of America","Final Approach, North Wenatchee Street, Denver",74.93,52.45
2025-08-07 17:45:11,2025-08-07 19:10:00,work - Uber,"5900 South Fraser Street, Centennial","4701 East 47th Avenue, Denver",32.48,22.74
2025-08-02 20:50:00,2025-08-03 03:58:24,work - Uber,"1710 East 14th Avenue, Denver","Piney Creek Trail, Centennial",161.47,113.03
2025-08-02 17:33:20,2025-08-02 20:16:56,work - Uber,"Sinclair, 13760 East Quincy Avenue, Aurora","Franklin Street, Denver",65.69,45.98
2025-08-02 00:03:02,2025-08-02 01:09:20,work - Uber,"Commercial Vehicle Holding Area, Titus Court, Denver, CO, United States of America","Piney Creek Trail, Centennial",45.9,32.13
2025-08-01 20:23:34,2025-08-01 23:29:12,work - Uber,"Arby's, 4390 Peoria Street, Denver","Shady Grove Street, Denver, CO, United States of America",78.8,55.16
2025-08-01 15:00:00,2025-08-01 19:50:00,work - Uber,"South Valley Highway, Centennial","East 40th Avenue, Denver",103.8,72.66
2025-09-30 21:49:10,2025-09-30 22:49:58,work - Uber,"Commercial Vehicle Holding Area, Titus Court, Denver, CO, United States of America","Piney Creek Trail, Centennial",27.4,19.18
2025-09-30 19:25:17,2025-09-30 20:49:04,work - Uber,"West 103rd Avenue, Westminster","Commercial Vehicle Holding Area, Titus Court, Denver, CO, United States of America",49.07,34.35
2025-09-30 17:53:24,2025-09-30 18:38:56,work - Uber,"Commercial Vehicle Holding Area, Titus Court, Denver, CO, United States of America","West 103rd Avenue, Westminster",32.01,22.41
2025-09-30 12:54:02,2025-09-30 16:19:05,work - Uber,"Commercial Vehicle Holding Area, Titus Court, Denver, CO, United States of America","Shady Grove Street, Denver, CO, United States of America",100.12,70.08
2025-09-30 10:26:22,2025-09-30 11:28:05,work - Uber,"Welch Ditch Trail, Applewood, Jefferson County","Commercial Vehicle Holding Area, Titus Court, Denver, CO, United States of America",40.28,28.2
2025-09-30 07:30:02,2025-09-30 09:56:15,work - Uber,"15288 East Orchard Road, Arapahoe County","Denver West Circle, Lakewood",45.95,32.16
2025-09-29 17:10:10,2025-09-29 18:19:54,work - Uber,"Commercial Vehicle Holding Area, Titus Court, Denver, CO, United States of America","East Belleview Avenue, Greenwood Village",28.74,20.12
2025-09-29 11:01:49,2025-09-29 15:29:19,work - Uber,"East Bromley Lane, Brighton","Commercial Vehicle Holding Area, Titus Court, Denver, CO, United States of America",148.96,104.27
2025-09-29 09:55:51,2025-09-29 10:35:10,work - Uber,"South Yosemite Street, Greenwood Village","East Bromley Lane, Brighton",34.2,23.94
2025-09-27 20:50:02,2025-09-27 23:29:57,work - Uber,"InterPlaza, Interplaza West, Golden","In-N-Out Burger, 9171 East Westview Road, Lone Tree, Douglas County",78.95,55.27
2025-09-27 18:00:13,2025-09-27 20:35:00,work - Uber,"Colorado Mills Parkway, Lakewood","West Colfax Avenue, Golden",77.98,54.59
2025-09-27 15:30:25,2025-09-27 17:18:54,work - Uber,"Taco Bell, 13109 West Alameda Parkway, Lakewood","The Street, Lakewood",44.19,30.94
2025-09-27 12:21:18,2025-09-27 14:59:51,work - Uber,"Commercial Vehicle Holding Area, Titus Court, Denver, CO, United States of America","West Alameda Parkway, Lakewood",100.58,70.41
2025-09-27 08:40:01,2025-09-27 11:50:00,work - Uber,"South Yosemite Street, Denver","Commercial Vehicle Holding Area, Titus Court, Denver, CO, United States of America",121.05,84.73
2025-09-24 16:00:00,2025-09-24 19:19:18,work - Uber,"Kellcourt Building, 1909 26th Street, Boulder","South Fraser Street, Centennial",117.53,82.27
2025-09-24 14:43:56,2025-09-24 15:29:59,work - Uber,"Commercial Vehicle Holding Area, Titus Court, Denver, CO, United States of America","Embassy Suites by Hilton Boulder, 2601 Canyon Boulevard, Boulder",43.9,30.73
2025-09-24 10:14:34,2025-09-24 13:28:54,work - Uber,"Commercial Vehicle Holding Area, Titus Court, Denver, CO, United States of America","Moreno Tamales, 5301 West Mississippi Avenue, Lakewood",83.27,58.29
2025-09-23 20:30:00,2025-09-23 21:38:39,work - Uber,"Watermill Auto & Pet Wash, 1340 South 96th Street, Louisville","South Chambers Road, Aurora",40.62,28.43
2025-09-23 18:41:18,2025-09-23 19:59:09,work - Uber,"Commercial Vehicle Holding Area, Titus Court, Denver, CO, United States of America","Innovation Street, Louisville",43.88,30.72
2025-09-23 15:22:47,2025-09-23 17:09:02,work - Uber,"South Park Meadows Center Drive, Lone Tree, Douglas County","Commercial Vehicle Holding Area, Titus Court, Denver, CO, United States of America",44.31,31.02
2025-09-22 18:21:15,2025-09-22 21:19:53,work - UberEats,"Promenade Drive, Westminster","2009 Larimer Street, Denver",62.84,43.99
2025-09-22 16:43:11,2025-09-22 17:59:29,work - Uber,"Coalton Trailhead, Coalton Road, Superior, CO, United States of America","The Westin Westminster, 10600 Westminster Boulevard, Westminster",19.77,13.84
2025-09-22 14:26:34,2025-09-22 16:19:24,work - Uber,"Peña Boulevard, Denver, CO, United States of America","Coalton Trailhead, Coalton Road, Superior, CO, United States of America",112.3,78.61
2025-09-22 10:31:38,2025-09-22 12:27:28,work - Uber,"South Yosemite Street, Greenwood Village","Commercial Vehicle Holding Area, Titus Court, Denver, CO, United States of America",80.32,56.23
2025-09-20 19:10:08,2025-09-20 20:59:27,work - Uber,"Commercial Vehicle Holding Area, Titus Court, Denver, CO, United States of America","South Xanthia Street, Centennial",57.84,40.49
2025-09-20 14:06:12,2025-09-20 18:39:36,work - Uber,"Commercial Vehicle Holding Area, Titus Court, Denver, CO, United States of America","Commercial Vehicle Holding Area, Titus Court, Denver, CO, United States of America",155.78,109.04
2025-09-20 12:20:01,2025-09-20 13:39:59,work - Uber,"4031 South Parker Road, Aurora","Shady Grove Street, Denver, CO, United States of America",33.56,23.49
2025-09-19 21:51:59,2025-09-20 01:13:30,work - Uber,"Commercial Vehicle Holding Area, Titus Court, Denver, CO, United States of America","Tesla Supercharger, 9535 East County Line Road, Englewood",139.11,97.38
2025-09-19 17:00:03,2025-09-19 19:59:57,work - Uber,"King Soopers, 17761 Cottonwood Drive, Parker","Commercial Vehicle Holding Area, Titus Court, Denver, CO, United States of America",135.36,94.75
2025-09-18 18:55:58,2025-09-18 22:37:41,work - Uber,"East Business Center Drive, Douglas County","Commercial Vehicle Holding Area, Titus Court, Denver, CO, United States of America",127.47,89.23
2025-09-18 12:30:09,2025-09-18 18:28:14,work - Uber,"South Fraser Street, Centennial","East Business Center Drive, Douglas County",162.97,114.08
2025-09-17 17:52:00,2025-09-17 19:38:14,work - Uber,"Commercial Vehicle Holding Area, Titus Court, Denver, CO, United States of America","South Chambers Road, Aurora",50.94,35.66
2025-09-17 12:53:38,2025-09-17 15:30:00,work - Uber,"Commercial Vehicle Holding Area, Titus Court, Denver, CO, United States of America","Commercial Vehicle Holding Area, Titus Court, Denver, CO, United States of America",144.41,101.09
2025-09-17 09:50:01,2025-09-17 10:59:44,work - Uber,"5000 South Yosemite Street, Greenwood Village","Commercial Vehicle Holding Area, Titus Court, Denver, CO, United States of America",43.38,30.37
2025-09-16 22:51:14,2025-09-17 00:59:22,work - Uber,"East Virginia Avenue, Glendale, Arapahoe County","Piney Creek Trail, Centennial",49.6,34.72
2025-09-16 16:40:28,2025-09-16 20:03:48,work - Uber,"Commercial Vehicle Holding Area, Titus Court, Denver, CO, United States of America","1106 South Racine Way, Aurora",116.51,81.56
2025-09-16 13:20:54,2025-09-16 13:58:39,work - Uber,"Commercial Vehicle Holding Area, Titus Court, Denver, CO, United States of America","Commercial Vehicle Holding Area, Titus Court, Denver, CO, United States of America",15.8,11.06
2025-09-15 22:21:27,2025-09-16 00:18:40,work - Uber,"Commercial Vehicle Holding Area, Titus Court, Denver, CO, United States of America","Piney Creek Trail, Centennial",67.77,47.44
2025-09-15 18:40:01,2025-09-15 20:59:54,work - Uber,"Commercial Vehicle Holding Area, Titus Court, Denver, CO, United States of America","Commercial Vehicle Holding Area, Titus Court, Denver, CO, United States of America",75.69,52.98
2025-09-15 13:20:00,2025-09-15 16:29:55,work - Uber,"Peña Boulevard, Denver, CO, United States of America","Promenade Parkway, Castle Rock",145.2,101.64
2025-09-15 11:14:13,2025-09-15 12:53:06,work - Uber,"South Kenton Street, Centennial","Commercial Vehicle Holding Area, Titus Court, Denver, CO, United States of America",56.08,39.25
2025-09-13 12:44:47,2025-09-13 18:17:36,work - Uber,"Commercial Vehicle Holding Area, Titus Court, Denver, CO, United States of America","South Fraser Street, Centennial",138.85,97.2
2025-09-12 20:20:03,2025-09-13 00:19:57,work - Uber,"Taco Bell, 6350 South Parker Road, Aurora","South Chambers Road, Aurora",116.35,81.45
2025-09-12 17:00:13,2025-09-12 19:39:44,work - Uber,"Commercial Vehicle Holding Area, Titus Court, Denver, CO, United States of America","South Lewiston Way, Aurora",71.48,50.03
2025-09-12 14:01:19,2025-09-12 16:08:01,work - Uber,"Commercial Vehicle Holding Area, Titus Court, Denver, CO, United States of America","Commercial Vehicle Holding Area, Titus Court, Denver, CO, United States of America",98.56,68.99
2025-09-12 11:16:38,2025-09-12 12:49:49,work - Uber,"East Quincy Avenue, Aurora","Commercial Vehicle Holding Area, Titus Court, Denver, CO, United States of America",41.2,28.84
2025-09-11 23:28:13,2025-09-12 00:49:53,work - Uber,"Commercial Vehicle Holding Area, Titus Court, Denver, CO, United States of America","Piney Creek Trail, Centennial",48.65,34.05
2025-09-11 19:15:16,2025-09-11 22:58:40,work - Uber,"Interquest Marketplace, Rampart Hills View, Colorado Springs","Commercial Vehicle Holding Area, Titus Court, Denver, CO, United States of America",130.88,91.61
2025-09-11 17:20:53,2025-09-11 18:49:00,work - Uber,"Commercial Vehicle Holding Area, Titus Court, Denver, CO, United States of America","Whataburger, Interquest Marketplace, 1310 Interquest Parkway, Colorado Springs",76.74,53.72
2025-09-11 12:44:55,2025-09-11 16:29:47,work - Uber,"East Quincy Avenue, Aurora","Commercial Vehicle Holding Area, Titus Court, Denver, CO, United States of America",84.79,59.36
2025-09-11 00:12:16,2025-09-11 01:20:00,work - Uber,"Commercial Vehicle Holding Area, Titus Court, Denver, CO, United States of America","South Fraser Street, Centennial",49.41,34.59
2025-09-10 21:00:00,2025-09-10 23:29:58,"work - Uber, Lyft","Commercial Vehicle Holding Area, Titus Court, Denver, CO, United States of America","Commercial Vehicle Holding Area, Titus Court, Denver, CO, United States of America",130.86,91.6
2025-09-10 18:46:11,2025-09-10 20:18:43,work - Uber,"Commercial Vehicle Holding Area, Titus Court, Denver, CO, United States of America","Commercial Vehicle Holding Area, Titus Court, Denver, CO, United States of America",66.88,46.81
2025-09-08 21:10:09,2025-09-08 22:07:51,work - Uber,"Commercial Vehicle Holding Area, Titus Court, Denver, CO, United States of America","South Fraser Street, Centennial",39.29,27.5
2025-09-08 17:10:01,2025-09-08 20:40:00,work - Uber,"Grant Street, Thornton","Commercial Vehicle Holding Area, Titus Court, Denver, CO, United States of America",121.88,85.32
2025-09-08 10:51:15,2025-09-08 14:29:59,work - Uber,"South Yosemite Street, Greenwood Village","2631 South College Avenue, Fort Collins",124.29,87.0
2025-09-07 00:20:03,2025-09-07 01:19:47,work - Uber,"Commercial Vehicle Holding Area, Titus Court, Denver, CO, United States of America","Piney Creek Trail, Centennial",39.52,27.66
2025-09-06 19:30:06,2025-09-06 22:20:00,work - Uber,"Boulder Gas, 2700 Baseline Road, Boulder","Commercial Vehicle Holding Area, Titus Court, Denver, CO, United States of America",70.34,49.24
2025-09-06 18:23:04,2025-09-06 19:05:34,work - Uber,"Commercial Vehicle Holding Area, Titus Court, Denver, CO, United States of America","Skunk Creek Greenway, Boulder",42.14,29.5
2025-09-06 13:13:36,2025-09-06 16:29:58,work - Uber,"South Fraser Street, Centennial","Commercial Vehicle Holding Area, Titus Court, Denver, CO, United States of America",81.04,56.73
2025-09-05 19:40:00,2025-09-05 21:36:35,work - Uber,"East Smith Road, Denver","9744 Elizabeth Street, Parker",62.33,43.63
2025-09-05 16:35:09,2025-09-05 18:29:59,work - Uber,"Commercial Vehicle Holding Area, Titus Court, Denver, CO, United States of America","East Smith Road, Denver",47.85,33.49
2025-09-05 13:40:11,2025-09-05 14:39:45,work - Uber,"East Quincy Avenue, Aurora","Commercial Vehicle Holding Area, Titus Court, Denver, CO, United States of America",25.4,17.78
2025-09-04 21:50:38,2025-09-04 23:58:51,work - Uber,"Commercial Vehicle Holding Area, Titus Court, Denver, CO, United States of America","Piney Creek Trail, Centennial",56.07,39.25
2025-09-04 18:11:14,2025-09-04 19:39:59,work - Uber,"Shady Grove Street, Denver, CO, United States of America","Glass Doctor, 2901 South College Avenue, Fort Collins",73.8,51.66
2025-09-04 15:41:18,2025-09-04 17:29:53,work - Uber,"7849 Shady Grove Street, Denver","Commercial Vehicle Holding Area, Titus Court, Denver, CO, United States of America",58.78,41.15
2025-09-04 13:30:37,2025-09-04 14:59:48,work - Uber,"South Fraser Street, Centennial","Commercial Vehicle Holding Area, Titus Court, Denver, CO, United States of America",43.05,30.13
2025-09-03 23:47:21,2025-09-04 00:29:59,work - Uber,"North Harry B Combs Parkway, Denver, CO, United States of America","South Fraser Street, Centennial",25.59,17.91
2025-09-03 19:08:15,2025-09-03 20:59:52,work - Uber,"unnamed road, Castle Rock","Commercial Vehicle Holding Area, Titus Court, Denver, CO, United States of America",59.04,41.33
2025-09-03 14:20:01,2025-09-03 18:27:16,work - Uber,"Piney Creek Trail, Centennial","Promenade Parkway, Castle Rock",103.35,72.35
2025-09-02 22:22:05,2025-09-03 00:19:55,work - Uber,"Commercial Vehicle Holding Area, Titus Court, Denver, CO, United States of America","Piney Creek Trail, Centennial",64.34,45.04
2025-09-02 18:05:06,2025-09-02 21:29:59,work - Uber,"Terminal West / Westin Hotel, Denver, CO, United States of America","Peña Boulevard, Denver, CO, United States of America",146.98,102.89
2025-09-02 15:40:01,2025-09-02 17:00:00,work - Uber,"West 38th Avenue, Wheat Ridge","Terminal East, Denver, CO, United States of America",41.9,29.33
2025-09-02 12:51:24,2025-09-02 14:29:40,work - Uber,"Peña Boulevard, Denver, CO, United States of America","16th Street Mall, Streetcar Stables Lofts, 1700 Wynkoop Street, Denver",50.67,35.47
2025-10-31 22:06:50,2025-11-01 02:08:52,work - Uber,"Commercial Vehicle Holding Area, Titus Court, Denver, CO, United States of America","Piney Creek Trail, Centennial",106.34,74.44
2025-10-31 18:20:15,2025-10-31 20:05:52,work - Uber,"Commercial Vehicle Holding Area, Titus Court, Denver, CO, United States of America","Commercial Vehicle Holding Area, Titus Court, Denver, CO, United States of America",55.65,38.95
2025-10-31 15:29:36,2025-10-31 17:59:02,work - Uber,"Commercial Vehicle Holding Area, Titus Court, Denver, CO, United States of America","Commercial Vehicle Holding Area, Titus Court, Denver, CO, United States of America",61.33,42.93
2025-10-31 00:31:20,2025-10-31 02:08:51,work - Uber,"1402 Downing Street, Denver","East Virginia Avenue, Glendale, Arapahoe County",48.53,33.97
2025-10-30 22:02:46,2025-10-31 00:12:53,work - Uber,"Commercial Vehicle Holding Area, Titus Court, Denver, CO, United States of America","1402 Downing Street, Denver",49.24,34.47
2025-10-30 18:50:01,2025-10-30 20:29:57,work - Uber,"Commercial Vehicle Holding Area, Titus Court, Denver, CO, United States of America","Commercial Vehicle Holding Area, Titus Court, Denver, CO, United States of America",58.34,40.84
2025-10-30 17:00:01,2025-10-30 18:34:04,work - Uber,"South Fraser Street, Centennial","Commercial Vehicle Holding Area, Titus Court, Denver, CO, United States of America",34.77,24.34
2025-10-29 19:10:02,2025-10-29 20:56:49,work - Uber,"West Dillon Road, Louisville","310 Saint Paul Street, Denver",49.6,34.72
2025-10-29 16:31:25,2025-10-29 18:09:58,work - Uber,"Commercial Vehicle Holding Area, Titus Court, Denver, CO, United States of America","West Dillon Road, Louisville",42.64,29.85
2025-10-29 09:50:01,2025-10-29 10:39:51,work - Uber,"5902 South Fraser Street, Centennial","For His Glory Christian Fellowship, 445 South Lansing Street, Aurora",16.91,11.84
2025-10-27 17:22:32,2025-10-27 18:49:22,work - Uber,"Commercial Vehicle Holding Area, Titus Court, Denver, CO, United States of America","Piney Creek Trail, Centennial",41.47,29.03
2025-10-27 14:46:41,2025-10-27 16:49:52,work - Uber,"9233 South Cedar Hill Way, Lone Tree, Douglas County","Commercial Vehicle Holding Area, Titus Court, Denver, CO, United States of America",53.36,37.35
2025-10-27 12:20:56,2025-10-27 14:19:21,work - Uber,"Commercial Vehicle Holding Area, Titus Court, Denver, CO, United States of America","9000 South Cedar Hill Way, Lone Tree, Douglas County",60.07,42.05
2025-10-27 10:42:48,2025-10-27 11:39:58,work - Uber,"Piney Creek Trail, Centennial","Commercial Vehicle Holding Area, Titus Court, Denver, CO, United States of America",34.7,24.29
2025-10-26 18:00:46,2025-10-26 21:50:00,work - Uber,"Commercial Vehicle Holding Area, Titus Court, Denver, CO, United States of America","South Xanthia Street, Centennial",85.77,60.04
2025-10-26 14:44:27,2025-10-26 16:25:23,work - Uber,"Commercial Vehicle Holding Area, Titus Court, Denver, CO, United States of America","Commercial Vehicle Holding Area, Titus Court, Denver, CO, United States of America",57.57,40.3
2025-10-26 12:11:46,2025-10-26 13:39:59,work - Uber,"QuikTrip, 19200 Longs Way, Parker","Commercial Vehicle Holding Area, Titus Court, Denver, CO, United States of America",39.91,27.94
2025-10-24 20:00:00,2025-10-24 21:40:00,work - Uber,"Peña Boulevard, Denver, CO, United States of America","Commercial Vehicle Holding Area, Titus Court, Denver, CO, United States of America",50.54,35.38
2025-10-24 17:48:49,2025-10-24 18:59:18,work - Uber,"17th Street, Boulder","Commercial Vehicle Holding Area, Titus Court, Denver, CO, United States of America",44.66,31.27
2025-10-24 13:00:45,2025-10-24 16:37:18,work - Uber,"Commercial Vehicle Holding Area, Titus Court, Denver, CO, United States of America","17th Street, Boulder",106.98,74.89
2025-10-22 21:50:01,2025-10-23 00:38:11,work - Uber,"Commercial Vehicle Holding Area, Titus Court, Denver, CO, United States of America","South Fraser Street, Centennial",104.22,72.95
2025-10-22 18:30:00,2025-10-22 20:40:00,work - Uber,"Commercial Vehicle Holding Area, Titus Court, Denver, CO, United States of America","Commercial Vehicle Holding Area, Titus Court, Denver, CO, United States of America",79.21,55.45
2025-10-21 22:04:41,2025-10-22 00:20:00,work - Uber,"Canyon Boulevard, Boulder","10863 East Yale Avenue, Aurora",58.36,40.85
2025-10-21 20:49:46,2025-10-21 21:36:56,work - Uber,"E-470, Commerce City, CO, United States of America","Canyon Boulevard, Boulder",34.14,23.9
2025-10-21 20:30:02,2025-10-21 20:33:31,work - Uber,"Commercial Vehicle Holding Area, Titus Court, Denver, CO, United States of America","Commercial Vehicles Only, Denver, CO, United States of America",1.77,1.24
2025-10-21 17:02:05,2025-10-21 18:46:57,work - Uber,"Sanderson Gulch Trail, Lakewood","Commercial Vehicle Holding Area, Titus Court, Denver, CO, United States of America",74.99,52.5
2025-10-18 18:00:50,2025-10-18 19:50:00,work - Uber,"Commercial Vehicle Holding Area, Titus Court, Denver, CO, United States of America","Bank of the West, 7995 East Hampden Avenue, Denver",64.32,45.02
2025-10-18 14:50:08,2025-10-18 17:20:00,work - Uber,"Terminal West Commercial Vehicles, Denver, CO, United States of America","Commercial Vehicle Holding Area, Titus Court, Denver, CO, United States of America",98.12,68.69
2025-10-18 12:20:00,2025-10-18 14:27:55,work - Uber,"East Iliff Avenue, Aurora","Terminal West Commercial Vehicles, Denver, CO, United States of America",62.84,43.99
2025-10-17 22:40:33,2025-10-17 23:39:58,work - Uber,"Commercial Vehicle Holding Area, Titus Court, Denver, CO, United States of America","Piney Creek Trail, Centennial",38.78,27.15
2025-10-17 15:41:32,2025-10-17 20:19:55,work - Uber,"200 West Oak Street, Fort Collins","48 West Maple Avenue, Denver",136.19,95.33
2025-10-17 10:56:44,2025-10-17 14:17:31,work - Uber,"East Belleview Avenue, Greenwood Village","200 West Oak Street, Fort Collins",115.59,80.91
2025-10-17 08:53:33,2025-10-17 10:20:00,work - Uber,"McDonald's, 4000 South Parker Road, Aurora","East Belleview Avenue, Greenwood Village",37.06,25.94
2025-10-16 20:52:26,2025-10-16 22:38:27,work - Uber,"Commerce Road, Weld County","South Fraser Street, Centennial",70.92,49.65
2025-10-16 17:45:18,2025-10-16 19:19:57,work - Uber,"Commercial Vehicle Holding Area, Titus Court, Denver, CO, United States of America","Nugget Road, Weld County",68.07,47.65
2025-10-16 12:50:18,2025-10-16 14:46:32,work - Uber,"West 14th Place, Lakewood","Commercial Vehicle Holding Area, Titus Court, Denver, CO, United States of America",50.23,35.16
2025-10-16 06:15:34,2025-10-16 08:16:11,work - Uber,"South Fraser Street, Centennial","Commercial Vehicle Holding Area, Titus Court, Denver, CO, United States of America",52.92,37.04
2025-10-15 18:00:05,2025-10-15 19:26:42,work - Uber,"Commercial Vehicle Holding Area, Titus Court, Denver, CO, United States of America","Twin Peaks, 8840 East Arapahoe Road, Centennial",36.07,25.25
2025-10-15 14:30:02,2025-10-15 16:58:13,work - Uber,"Commercial Vehicle Holding Area, Titus Court, Denver, CO, United States of America","Commercial Vehicle Holding Area, Titus Court, Denver, CO, United States of America",103.84,72.68
2025-10-15 13:00:01,2025-10-15 13:57:46,work - Uber,"Temporary Building No. 82, 1335;1333 Grandview Avenue, Boulder","Commercial Vehicle Holding Area, Titus Court, Denver, CO, United States of America",49.68,34.78
2025-10-15 11:20:01,2025-10-15 12:39:37,work - Uber,"Commercial Vehicle Holding Area, Titus Court, Denver, CO, United States of America","1301 Grandview Avenue, Boulder",45.2,31.64
2025-10-15 08:50:01,2025-10-15 10:35:43,work - Uber,"South Parker Road, Aurora","Commercial Vehicle Holding Area, Titus Court, Denver, CO, United States of America",51.97,36.38
2025-10-14 21:10:05,2025-10-14 22:39:49,work - Uber,"Commercial Vehicle Holding Area, Titus Court, Denver, CO, United States of America","South Parker Road, Aurora",44.21,30.94
2025-10-14 18:10:31,2025-10-14 20:20:00,work - Uber,"Commercial Vehicle Holding Area, Titus Court, Denver, CO, United States of America","Shady Grove Street, Denver, CO, United States of America",63.89,44.72
2025-10-14 15:23:13,2025-10-14 17:38:39,work - Uber,"McDonald's, 1800 28th Street, Boulder","Commercial Vehicle Holding Area, Titus Court, Denver, CO, United States of America",63.08,44.16
2025-10-14 12:37:14,2025-10-14 14:08:24,work - Uber,"Commercial Vehicle Holding Area, Titus Court, Denver, CO, United States of America","Electrify America, Twenty Ninth Street, Canyon Boulevard, Boulder",52.09,36.46
2025-10-14 10:00:31,2025-10-14 11:32:39,work - Uber,"Tesla Supercharger, 1265 Sergeant Jon Stiles Drive, Highlands Ranch","Commercial Vehicle Holding Area, Titus Court, Denver, CO, United States of America",54.19,37.94
2025-10-13 19:31:20,2025-10-13 20:59:54,work - Uber,"Commercial Vehicle Holding Area, Titus Court, Denver, CO, United States of America","Piney Creek Trail, Centennial",48.42,33.89
2025-10-13 17:00:05,2025-10-13 19:14:44,work - Uber,"Shady Grove Street, Denver, CO, United States of America","Commercial Vehicle Holding Area, Titus Court, Denver, CO, United States of America",93.07,65.15
2025-10-13 15:40:00,2025-10-13 16:29:53,work - Uber,"South Yosemite Street, Greenwood Village","Shady Grove Street, Denver, CO, United States of America",29.92,20.94
2025-10-13 14:41:02,2025-10-13 15:09:40,work - Uber,"McDonald's, 8667 South Quebec Street, Highlands Ranch","East Belleview Avenue, Greenwood Village",9.0,6.3
2025-10-13 13:00:03,2025-10-13 14:09:46,work - Uber,"Commercial Vehicle Holding Area, Titus Court, Denver, CO, United States of America","McDonald's, 8667 South Quebec Street, Highlands Ranch",42.98,30.09
2025-10-13 10:48:55,2025-10-13 11:39:02,work - Uber,"Denver Health Medical Center, 777 Bannock Street, Denver","Commercial Vehicle Holding Area, Titus Court, Denver, CO, United States of America",33.36,23.35
2025-10-10 20:30:45,2025-10-10 21:49:08,work - Uber,"Market Square, South Urban Street, Lakewood","Commercial Vehicle Holding Area, Titus Court, Denver, CO, United States of America",40.42,28.29
2025-10-10 16:50:05,2025-10-10 19:39:15,work - Uber,"Commercial Vehicle Holding Area, Titus Court, Denver, CO, United States of America","Market Square, South Urban Street, Lakewood",61.25,42.87
2025-10-10 14:12:44,2025-10-10 16:09:58,work - Uber,"McDonald's, 5858 South Santa Fe Drive, Littleton","Commercial Vehicle Holding Area, Titus Court, Denver, CO, United States of America",40.22,28.15
2025-10-10 10:40:41,2025-10-10 11:49:47,work - Uber,"Parker Building, 1562 South Parker Road, Denver","Audi Denver, 6060 South Broadway, Littleton",20.27,14.19
2025-10-09 17:23:25,2025-10-09 19:28:05,work - Uber,"Tesla Supercharger, 2727 North Cascade Avenue, Colorado Springs","Piney Creek Trail, Centennial",72.67,50.87
2025-10-09 14:42:26,2025-10-09 16:39:20,work - Uber,"Commercial Vehicle Holding Area, Titus Court, Denver, CO, United States of America","Tesla Supercharger, 2727 North Cascade Avenue, Colorado Springs",87.27,61.09
2025-10-09 10:10:09,2025-10-09 11:39:56,work - Uber,"South Yosemite Street, Greenwood Village","Commercial Vehicle Holding Area, Titus Court, Denver, CO, United States of America",43.93,30.75
2025-10-08 16:50:12,2025-10-08 17:57:56,work - Uber,"Commercial Vehicle Holding Area, Titus Court, Denver, CO, United States of America","5115 South Santa Fe Drive, Littleton",35.46,24.82
2025-10-08 09:52:15,2025-10-08 11:30:00,work - Uber,"East Jarvis Place, Denver","Commercial Vehicle Holding Area, Titus Court, Denver, CO, United States of America",49.86,34.9
2025-10-07 17:54:45,2025-10-07 21:49:57,work - Uber,"Commercial Vehicle Holding Area, Titus Court, Denver, CO, United States of America","Piney Creek Trail, Centennial",123.4,86.38
2025-10-07 11:30:15,2025-10-07 12:09:03,work - Uber,"17th and Larimer Parking Garage, 1225 17th Street, Denver","South Colorado Boulevard, Denver",16.17,11.32
2025-10-07 10:23:54,2025-10-07 11:08:15,work - Uber,"Commercial Vehicle Holding Area, Titus Court, Denver, CO, United States of America","17th and Larimer Parking Garage, 1225 17th Street, Denver",26.69,18.68
2025-10-06 16:01:51,2025-10-06 20:29:23,work - Uber,"Nugget Road, Weld County","South Fraser Street, Centennial",128.61,90.03
2025-10-06 13:20:00,2025-10-06 14:09:43,work - Uber,"4610 Wheaton Drive, Fort Collins","521 Nugget Road, Weld County",22.3,15.61
2025-10-06 09:42:40,2025-10-06 12:19:03,work - Uber,"South Yosemite Street, Greenwood Village","Homewood Suites Hilton, 1521 Oakridge Drive, Fort Collins",108.9,76.23
2025-10-04 18:41:24,2025-10-04 20:29:36,work - Uber,"Commercial Vehicle Holding Area, Titus Court, Denver, CO, United States of America","FelFel Mediterranean, 4401 South Tamarac Street Parkway, Denver",63.72,44.61
2025-10-04 16:00:29,2025-10-04 17:39:59,work - Uber,"Chick-fil-A, 1901 Sheridan Boulevard, Edgewater","Commercial Vehicle Holding Area, Titus Court, Denver, CO, United States of America",43.89,30.73
2025-10-04 10:40:00,2025-10-04 15:29:35,work - Uber,"Commercial Vehicle Holding Area, Titus Court, Denver, CO, United States of America","Target, 1985 Sheridan Boulevard, Edgewater",151.52,106.06
2025-10-04 06:50:11,2025-10-04 08:09:59,work - Uber,"South Fraser Street, Centennial","Shady Grove Street, Denver, CO, United States of America",41.24,28.87
2025-10-02 15:33:43,2025-10-02 17:27:52,work - Uber,"Commercial Vehicle Holding Area, Titus Court, Denver, CO, United States of America","Commerce Road, Weld County",86.95,60.87
2025-10-02 12:31:31,2025-10-02 14:38:58,work - Uber,"Commercial Vehicle Holding Area, Titus Court, Denver, CO, United States of America","Shady Grove Street, Denver, CO, United States of America",68.54,47.98
2025-10-02 09:00:01,2025-10-02 10:59:50,work - Uber,"East Colorado Avenue, Aurora","Commercial Vehicle Holding Area, Titus Court, Denver, CO, United States of America",53.09,37.17
2025-10-01 14:46:28,2025-10-01 18:30:00,work - Uber,"Commercial Vehicle Holding Area, Titus Court, Denver, CO, United States of America","First Citizens Bank, 8480 East Belleview Avenue, Greenwood Village",118.85,83.19
2025-10-01 12:20:01,2025-10-01 13:29:08,work - Uber,"Commerce Road, Weld County","Commercial Vehicle Holding Area, Titus Court, Denver, CO, United States of America",55.95,39.17
2025-10-01 09:11:52,2025-10-01 11:59:54,work - Uber,"Dutch Car Wash, 4301 South Parker Road, Aurora","521 Nugget Road, Weld County",112.62,78.84
2025-11-30 19:48:14,2025-11-30 23:17:43,work - Uber,"Tesla Supercharger, 3100 28th Street, Boulder","Piney Creek Trail, Centennial",126.99,88.89
2025-11-30 17:30:00,2025-11-30 18:29:34,work - Uber,"Terminal West Exit, Denver, CO, United States of America","Tesla Supercharger, 3100 28th Street, Boulder",43.35,30.35
2025-11-30 14:04:45,2025-11-30 17:09:41,work - Uber,"2355 Grove Street, Boulder","Terminal West Commercial Vehicles, Denver, CO, United States of America",80.25,56.18
2025-11-30 10:00:03,2025-11-30 12:09:59,work - Uber,"South Parker Road, Centennial","P3, Twenty Ninth Street, 29th Street, Boulder",71.6,50.12
2025-11-28 21:27:04,2025-11-29 00:46:07,work - Uber,"Commercial Vehicle Holding Area, Titus Court, Denver, CO, United States of America","South Parker Road, Aurora",112.15,78.51
2025-11-28 14:30:10,2025-11-28 15:46:59,work - Uber,"Commercial Vehicle Holding Area, Titus Court, Denver, CO, United States of America","McDonald's, 1800 28th Street, Boulder",50.41,35.29
2025-11-28 12:00:53,2025-11-28 14:09:41,work - Uber,"Commercial Vehicle Holding Area, Titus Court, Denver, CO, United States of America","Shady Grove Street, Denver, CO, United States of America",87.2,61.04
2025-11-26 16:00:00,2025-11-26 17:17:12,work - Uber,"Commercial Vehicle Holding Area, Titus Court, Denver, CO, United States of America","1805 11th Street, Boulder",46.43,32.5
2025-11-26 12:24:32,2025-11-26 14:19:53,work - Uber,"Commercial Vehicle Holding Area, Titus Court, Denver, CO, United States of America","Commercial Vehicle Holding Area, Titus Court, Denver, CO, United States of America",93.09,65.17
2025-11-26 08:40:12,2025-11-26 09:50:00,work - Uber,"South Boston Street, Greenwood Village","Terminal East, Denver, CO, United States of America",32.49,22.74
2025-11-22 21:45:38,2025-11-22 22:39:59,work - Uber,"Commercial Vehicle Holding Area, Titus Court, Denver, CO, United States of America","15475 East Fair Place, Centennial",36.81,25.77
2025-11-22 17:53:24,2025-11-22 20:29:59,work - Uber,"Commercial Vehicle Holding Area, Titus Court, Denver, CO, United States of America","Commercial Vehicle Holding Area, Titus Court, Denver, CO, United States of America",94.54,66.18
2025-11-22 15:15:34,2025-11-22 16:19:40,work - Uber,"South Lewiston Way, Foxfield, Arapahoe County","Commercial Vehicle Holding Area, Titus Court, Denver, CO, United States of America",36.34,25.44
2025-11-21 19:16:05,2025-11-21 20:38:06,work - Uber,"City Administration Building Parking Garage, 130 South Nevada Avenue, Colorado Springs","1056 Acoma Street Parking, Acoma Street, Denver",71.46,50.02
2025-11-21 15:50:15,2025-11-21 17:59:59,work - Uber,"Commercial Vehicle Holding Area, Titus Court, Denver, CO, United States of America","South Powers Boulevard, Colorado Springs",100.3,70.21
2025-11-20 19:33:27,2025-11-20 21:58:54,work - Uber,"Commercial Vehicle Holding Area, Titus Court, Denver, CO, United States of America","Commercial Vehicle Holding Area, Titus Court, Denver, CO, United States of America",92.36,64.65
2025-11-19 23:39:45,2025-11-20 00:59:28,work - Uber,"Commercial Vehicle Holding Area, Titus Court, Denver, CO, United States of America","South Parker Road, Centennial",48.95,34.27
2025-11-19 15:50:09,2025-11-19 19:35:04,work - Uber,"745 Cheyenne Meadows Road, Colorado Springs","Commercial Vehicle Holding Area, Titus Court, Denver, CO, United States of America",126.33,88.43
2025-11-19 12:40:00,2025-11-19 14:28:36,work - Uber,"Commercial Vehicle Holding Area, Titus Court, Denver, CO, United States of America","New Moon Court, El Paso County",96.64,67.65
2025-11-18 13:00:01,2025-11-18 14:48:02,work - Uber,"Commercial Vehicle Holding Area, Titus Court, Denver, CO, United States of America","Commercial Vehicle Holding Area, Titus Court, Denver, CO, United States of America",62.3,43.61
2025-11-17 18:14:50,2025-11-17 19:49:30,work - Uber,"Commercial Vehicle Holding Area, Titus Court, Denver, CO, United States of America","South Parker Road, Centennial",60.4,42.28
2025-11-17 14:48:40,2025-11-17 16:59:58,work - Uber,"Commercial Vehicle Holding Area, Titus Court, Denver, CO, United States of America","Commercial Vehicle Holding Area, Titus Court, Denver, CO, United States of America",55.3,38.71
2025-11-17 11:00:40,2025-11-17 13:38:12,work - Uber,"Commercial Vehicle Holding Area, Titus Court, Denver, CO, United States of America","Commercial Vehicle Holding Area, Titus Court, Denver, CO, United States of America",103.14,72.2
2025-11-15 00:10:01,2025-11-15 00:50:00,work - Uber,"7846 Shady Grove Street, Denver","5665 South Parker Road, Arapahoe County",28.99,20.29
2025-11-14 16:40:00,2025-11-14 20:09:58,work - Uber,"Commercial Vehicle Holding Area, Titus Court, Denver, CO, United States of America","Commercial Vehicle Holding Area, Titus Court, Denver, CO, United States of America",80.54,56.38
2025-11-12 21:30:06,2025-11-12 22:39:48,work - Uber,"Commercial Vehicle Holding Area, Titus Court, Denver, CO, United States of America","Piney Creek Trail, Centennial",38.53,26.97
2025-11-12 17:40:20,2025-11-12 19:39:58,work - Uber,"Commercial Vehicle Holding Area, Titus Court, Denver, CO, United States of America","Commercial Vehicle Holding Area, Titus Court, Denver, CO, United States of America",70.27,49.19
2025-11-12 10:00:07,2025-11-12 13:29:58,work - Uber,"15930 East Briarwood Circle, Aurora","Grand Hyatt Denver, 1750 Welton Street, Denver",110.31,77.21
2025-11-10 17:20:53,2025-11-10 20:39:58,work - Uber,"Commercial Vehicle Holding Area, Titus Court, Denver, CO, United States of America","South Fraser Street, Centennial",102.55,71.79
2025-11-10 14:12:29,2025-11-10 15:50:00,work - Uber,"River Point at Sheridan, River Point Parkway, Sheridan","Commercial Vehicle Holding Area, Titus Court, Denver, CO, United States of America",40.87,28.61
2025-11-10 12:20:00,2025-11-10 13:54:46,work - Uber,"East 58th Avenue, North Washington, Adams County","River Point at Sheridan, River Point Parkway, Sheridan",58.11,40.68
2025-11-10 10:00:26,2025-11-10 11:50:00,work - Uber,"Cornerstar Shopping Center, East Davies Drive, Aurora","5530 Bannock Street, Adams County",55.11,38.57
2025-11-08 23:58:03,2025-11-09 03:09:59,work - Uber,"Commercial Vehicle Holding Area, Titus Court, Denver, CO, United States of America","South Parker Road, Aurora",83.42,58.4
2025-11-08 17:52:55,2025-11-08 22:35:17,work - Uber,"Commercial Vehicle Holding Area, Titus Court, Denver, CO, United States of America","Commercial Vehicle Holding Area, Titus Court, Denver, CO, United States of America",156.48,109.54
2025-11-07 23:20:01,2025-11-08 00:29:59,work - Uber,"Shady Grove Street, Denver, CO, United States of America","South Fraser Street, Centennial",52.44,36.71
2025-11-07 20:10:03,2025-11-07 22:49:38,work - Uber,"Commercial Vehicle Holding Area, Titus Court, Denver, CO, United States of America","Shady Grove Street, Denver, CO, United States of America",84.52,59.16
2025-11-07 14:53:21,2025-11-07 19:49:55,work - Uber,"Commercial Vehicle Holding Area, Titus Court, Denver, CO, United States of America","Commercial Vehicle Holding Area, Titus Court, Denver, CO, United States of America",140.47,98.33
2025-11-06 12:36:50,2025-11-06 13:29:50,work - Uber,"Commercial Vehicle Holding Area, Titus Court, Denver, CO, United States of America","South Fraser Street, Centennial",29.37,20.56
2025-11-05 21:45:45,2025-11-05 22:40:00,work - Uber,"Commercial Vehicle Holding Area, Titus Court, Denver, CO, United States of America","6000 South Fraser Street, Centennial",40.09,28.07
2025-11-05 19:04:50,2025-11-05 20:39:46,work - Uber,"Commercial Vehicle Holding Area, Titus Court, Denver, CO, United States of America","Commercial Vehicle Holding Area, Titus Court, Denver, CO, United States of America",49.09,34.36
2025-11-05 15:34:24,2025-11-05 17:47:17,work - Uber,"Commercial Vehicle Holding Area, Titus Court, Denver, CO, United States of America","Commercial Vehicle Holding Area, Titus Court, Denver, CO, United States of America",56.04,39.23
2025-11-05 12:50:31,2025-11-05 14:39:54,work - Uber,"Commercial Vehicle Holding Area, Titus Court, Denver, CO, United States of America","Commercial Vehicle Holding Area, Titus Court, Denver, CO, United States of America",82.29,57.61
2025-11-04 21:36:17,2025-11-04 23:09:26,work - Uber,"Commercial Vehicle Holding Area, Titus Court, Denver, CO, United States of America","South Fraser Street, Centennial",59.74,41.82
2025-11-04 19:32:39,2025-11-04 19:41:48,work - Uber,"East Lincoln Avenue, Lone Tree, Douglas County","Hotel Parking, Park Meadows Drive, Heritage Hills, Douglas County",2.11,1.48
2025-11-04 18:26:38,2025-11-04 19:15:35,work - Uber,"Commercial Vehicle Holding Area, Titus Court, Denver, CO, United States of America","East Lincoln Avenue, Lone Tree, Douglas County",34.58,24.21
2025-11-03 21:11:41,2025-11-03 22:49:45,work - Uber,"Commercial Vehicle Holding Area, Titus Court, Denver, CO, United States of America","South Fraser Street, Centennial",48.34,33.84
2025-11-03 18:47:14,2025-11-03 20:37:40,work - Uber,"Commercial Vehicle Holding Area, Titus Court, Denver, CO, United States of America","Commercial Vehicle Holding Area, Titus Court, Denver, CO, United States of America",47.39,33.17
2025-11-03 10:50:14,2025-11-03 11:28:48,work - Uber,"7848 Shady Grove Street, Denver","South Syracuse Street, Denver",26.79,18.75
2025-11-03 09:00:25,2025-11-03 10:27:36,work - Uber,"1411 South Potomac Street, Aurora","Commercial Vehicle Holding Area, Titus Court, Denver, CO, United States of America",40.76,28.53
2025-12-27 20:21:33,2025-12-27 21:40:00,work - Uber,"Commercial Vehicle Holding Area, Titus Court, Denver, CO, United States of America","South Fraser Street, Centennial",46.33,32.43
2025-12-27 16:55:46,2025-12-27 19:29:58,work - Uber,"South Harris Street, Breckenridge","North Shady Grove Street, Denver, CO, United States of America",105.82,74.08
2025-12-27 13:00:33,2025-12-27 15:29:59,work - Uber,"Commercial Vehicle Holding Area, Titus Court, Denver, CO, United States of America","Ski Hill Road, Breckenridge",105.05,73.54
2025-12-26 23:40:00,2025-12-27 00:35:09,work - Uber,"Peña Boulevard, Denver, CO, United States of America","South Fraser Street, Centennial",37.18,26.03
2025-12-26 20:08:44,2025-12-26 20:45:58,work - Uber,"Commercial Vehicle Holding Area, Titus Court, Denver, CO, United States of America","Design & Image Communications, 930 Inca Street, Denver",29.64,20.75
2025-12-26 17:01:46,2025-12-26 18:29:57,work - Uber,"South Crossroads Drive, Parker","North Shady Grove Street, Denver, CO, United States of America",53.41,37.39
2025-12-23 15:46:21,2025-12-23 16:59:58,work - Uber,"South Crossroads Drive, Parker","1700 36th Street, Denver",32.79,22.95
2025-12-22 17:43:47,2025-12-22 18:49:58,work - Uber,"North Josephine Street, Denver","Stout Street Social, 1400 Stout Street, Denver",8.53,5.97
2025-12-22 15:30:54,2025-12-22 16:49:58,work - Uber,"Commercial Vehicle Holding Area, Titus Court, Denver, CO, United States of America","2500 East 1st Avenue, Denver",35.47,24.83
2025-12-21 12:37:19,2025-12-21 14:09:59,work - Uber,"Commercial Vehicle Holding Area, Titus Court, Denver, CO, United States of America","Piney Creek Trail, Centennial",49.63,34.74
2025-12-21 09:10:48,2025-12-21 11:09:34,work - Uber,"Piney Creek Trail, Centennial","Commercial Vehicle Holding Area, Titus Court, Denver, CO, United States of America",42.52,29.76
2025-12-20 20:31:25,2025-12-20 22:39:49,work - Uber,"North Shady Grove Street, Denver, CO, United States of America","South Fraser Street, Centennial",71.02,49.72
2025-12-20 17:51:17,2025-12-20 19:30:00,work - Uber,"2800 Welton Street, Denver","Commercial Vehicle Holding Area, Titus Court, Denver, CO, United States of America",33.74,23.62
2025-12-20 15:20:00,2025-12-20 17:22:38,work - Uber,"Walmart, 840 Summit Boulevard, Frisco","2800 Welton Street, Denver",71.02,49.71
2025-12-20 12:23:51,2025-12-20 14:49:36,work - Uber,"Commercial Vehicle Holding Area, Titus Court, Denver, CO, United States of America","Walmart, 840 Summit Boulevard, Frisco",112.25,78.57
2025-12-19 22:01:00,2025-12-19 23:30:00,work - Uber,"Commercial Vehicle Holding Area, Titus Court, Denver, CO, United States of America","South Fraser Street, Centennial",50.79,35.55
2025-12-19 16:10:02,2025-12-19 19:49:39,work - Uber,"Backcountry Pizza and Taphouse Parking Lot, Grove Street, Boulder","Commercial Vehicle Holding Area, Titus Court, Denver, CO, United States of America",76.03,53.22
2025-12-19 13:45:30,2025-12-19 14:59:59,work - Uber,"Commercial Vehicle Holding Area, Titus Court, Denver, CO, United States of America","Yamashiro Orthodontics, 1717 Folsom Street, Boulder",49.78,34.84
2025-12-18 21:00:00,2025-12-18 22:59:59,work - Uber,"Commercial Vehicle Holding Area, Titus Court, Denver, CO, United States of America","South Parker Road, Centennial",67.2,47.04
2025-12-18 17:13:58,2025-12-18 18:49:43,work - Uber,"Commercial Vehicle Holding Area, Titus Court, Denver, CO, United States of America","Commercial Vehicle Holding Area, Titus Court, Denver, CO, United States of America",51.06,35.74
2025-12-18 13:05:52,2025-12-18 14:08:10,work - Uber,"Backcountry Pizza and Taphouse Parking Lot, Grove Street, Boulder","Commercial Vehicle Holding Area, Titus Court, Denver, CO, United States of America",49.34,34.54
2025-12-18 11:10:07,2025-12-18 12:39:59,work - Uber,"Commercial Vehicle Holding Area, Titus Court, Denver, CO, United States of America","1845 Folsom Street, Boulder",53.16,37.21
2025-12-17 21:50:24,2025-12-17 23:58:53,work - Uber,"Commercial Vehicle Holding Area, Titus Court, Denver, CO, United States of America","South Parker Road, Centennial",96.33,67.43
2025-12-17 18:20:49,2025-12-17 20:39:37,work - Uber,"Commercial Vehicle Holding Area, Titus Court, Denver, CO, United States of America","Commercial Vehicle Holding Area, Titus Court, Denver, CO, United States of America",95.22,66.65
2025-12-16 20:20:03,2025-12-16 21:19:28,work - Uber,"10011 Jordan Road, Parker","Commercial Vehicle Holding Area, Titus Court, Denver, CO, United States of America",38.1,26.67
2025-12-16 18:24:59,2025-12-16 19:20:00,work - Uber,"Commercial Vehicle Holding Area, Titus Court, Denver, CO, United States of America","East Lincoln Avenue, Parker",36.13,25.29
2025-12-16 15:10:00,2025-12-16 16:20:00,work - Uber,"1411 South Downing Street, Denver","North Shady Grove Street, Denver, CO, United States of America",36.26,25.38
2025-12-16 13:54:22,2025-12-16 14:54:43,work - Uber,"Commercial Vehicle Holding Area, Titus Court, Denver, CO, United States of America","1225 South Downing Street, Denver",32.64,22.85
2025-12-15 21:55:20,2025-12-15 23:08:42,work - Uber,"Commercial Vehicle Holding Area, Titus Court, Denver, CO, United States of America","South Parker Road, Centennial",37.27,26.09
2025-12-15 18:00:23,2025-12-15 18:44:54,work - Uber,"Commercial Vehicle Holding Area, Titus Court, Denver, CO, United States of America","East Belleview Avenue, Greenwood Village",27.73,19.41
2025-12-15 15:30:49,2025-12-15 16:39:27,work - Uber,"West 53rd Avenue, Arvada","Commercial Vehicle Holding Area, Titus Court, Denver, CO, United States of America",33.16,23.21
2025-12-15 13:59:03,2025-12-15 14:49:48,work - Uber,"111 West 4th Avenue, Denver","West 53rd Avenue, Arvada",18.26,12.78
2025-12-15 12:41:57,2025-12-15 13:30:37,work - Uber,"Commercial Vehicle Holding Area, Titus Court, Denver, CO, United States of America","107 West 4th Avenue, Denver",30.13,21.09
2025-12-15 09:40:11,2025-12-15 10:26:58,work - Uber,"South Yosemite Street, Greenwood Village","Commercial Vehicle Holding Area, Titus Court, Denver, CO, United States of America",30.79,21.55
2025-12-14 20:02:46,2025-12-14 21:07:41,work - Uber,"Holiday Auto Care, 1465 South Colorado Boulevard, Denver","South Parker Road, Centennial",35.04,24.53
2025-12-14 18:57:07,2025-12-14 19:47:36,work - Uber,"Commercial Vehicle Holding Area, Titus Court, Denver, CO, United States of America","1485 South Colorado Boulevard, Denver",31.51,22.05
2025-12-14 16:34:15,2025-12-14 17:32:46,work - Uber,"Commercial Vehicle Holding Area, Titus Court, Denver, CO, United States of America","Commercial Vehicle Holding Area, Titus Court, Denver, CO, United States of America",51.84,36.29
2025-12-14 12:20:31,2025-12-14 15:35:55,work - Uber,"South Chambers Road, Aurora","Commercial Vehicle Holding Area, Titus Court, Denver, CO, United States of America",89.08,62.35
2025-12-11 16:03:26,2025-12-11 21:49:50,work - Uber,"Commercial Vehicle Holding Area, Titus Court, Denver, CO, United States of America","South Parker Road, Centennial",202.46,141.72
2025-12-11 13:56:23,2025-12-11 15:09:34,work - Uber,"West Florida Avenue, Lakewood","Commercial Vehicle Holding Area, Titus Court, Denver, CO, United States of America",36.94,25.86
2025-12-11 12:24:07,2025-12-11 13:24:29,work - Uber,"Commercial Vehicle Holding Area, Titus Court, Denver, CO, United States of America","West Florida Avenue, Lakewood",37.21,26.05
2025-12-09 17:03:09,2025-12-09 18:15:50,work - Uber,"Commercial Vehicle Holding Area, Titus Court, Denver, CO, United States of America","Folsom Street, Boulder",48.7,34.09
2025-12-09 15:10:05,2025-12-09 16:19:55,work - Uber,"1509 23rd Street, Boulder","Shady Grove Street, Denver, CO, United States of America",49.07,34.35
2025-12-09 11:40:52,2025-12-09 12:01:20,work - Uber,"28117 Boulder Canyon Drive, Nederland","Jenny Creek Trail, Boulder County",7.36,5.15
2025-12-09 09:52:35,2025-12-09 11:23:16,work - Uber,"Commercial Vehicle Holding Area, Titus Court, Denver, CO, United States of America","39596 Boulder Canyon Drive, Orodell, Boulder County",51.15,35.8
2025-12-09 06:41:20,2025-12-09 07:48:01,work - Uber,"South Parker Road, Centennial","Commercial Vehicle Holding Area, Titus Court, Denver, CO, United States of America",37.66,26.36
2025-12-08 20:10:52,2025-12-08 21:57:47,work - Uber,"Commercial Vehicle Holding Area, Titus Court, Denver, CO, United States of America","Denver Health Medical Center Managed Care, 938 Bannock Street, Denver",49.29,34.5
2025-12-08 16:20:50,2025-12-08 17:09:46,work - Uber,"Commercial Vehicle Holding Area, Titus Court, Denver, CO, United States of America","1520 20th Street, Denver",25.1,17.57
2025-12-08 14:12:35,2025-12-08 14:56:12,work - Uber,"3151 Vallejo Street, Denver","Commercial Vehicle Holding Area, Titus Court, Denver, CO, United States of America",29.2,20.44
2025-12-08 12:30:01,2025-12-08 13:43:52,work - Uber,"North Chambers Road, Aurora","3159 Vallejo Street, Denver",38.43,26.9
2025-12-06 18:00:02,2025-12-06 20:02:59,work - Uber,"2425 Canyon Boulevard, Boulder","Commercial Vehicle Holding Area, Titus Court, Denver, CO, United States of America",50.58,35.4
2025-12-06 14:40:53,2025-12-06 15:49:38,work - Uber,"Commercial Vehicle Holding Area, Titus Court, Denver, CO, United States of America","P3, Twenty Ninth Street, 29th Street, Boulder",47.35,33.14
2025-12-03 23:55:22,2025-12-04 00:59:55,work - Uber,"Commercial Vehicle Holding Area, Titus Court, Denver, CO, United States of America","Piney Creek Trail, Centennial",39.6,27.72
2025-12-03 22:12:44,2025-12-03 23:39:05,work - Uber,"Grant Street, Thornton","Commercial Vehicle Holding Area, Titus Court, Denver, CO, United States of America",34.9,24.43
2025-12-03 18:22:11,2025-12-03 21:38:59,work - Uber,"McDonald's, 1800 28th Street, Boulder","Grant Street, Thornton",92.81,64.97
2025-12-03 16:10:00,2025-12-03 17:59:35,work - Uber,"Commercial Vehicle Holding Area, Titus Court, Denver, CO, United States of America","Electrify America, Twenty Ninth Street, Canyon Boulevard, Boulder",52.17,36.52
2025-12-03 13:00:00,2025-12-03 15:34:08,work - Uber,"Commercial Vehicle Holding Area, Titus Court, Denver, CO, United States of America","Commercial Vehicle Holding Area, Titus Court, Denver, CO, United States of America",101.57,71.1
2025-12-02 16:22:55,2025-12-02 17:49:54,work - Uber,"Commercial Vehicle Holding Area, Titus Court, Denver, CO, United States of America","Mohawk Drive, Boulder",49.76,34.83
2025-12-01 20:10:00,2025-12-01 21:38:12,work - Uber,"North Harry B Combs Parkway, Denver, CO, United States of America","South Parker Road, Centennial",47.99,33.59
2025-12-01 17:58:08,2025-12-01 19:29:33,work - Uber,"Commercial Vehicle Holding Area, Titus Court, Denver, CO, United States of America","Shady Grove Street, Denver, CO, United States of America",59.25,41.48
2025-12-01 13:20:20,2025-12-01 15:20:00,work - Uber,"P3, Twenty Ninth Street, 29th Street, Boulder","P3, Twenty Ninth Street, 29th Street, Boulder",93.01,65.11
2025-12-01 10:51:25,2025-12-01 12:07:41,work - Uber,"Commercial Vehicle Holding Area, Titus Court, Denver, CO, United States of America","Folsom Street, Boulder",44.22,30.96
Total,"","","","",22718.06,15902.76
